rt,x,x_denoise,x_detrend
45,0.090599,0.276172021462489,-4.55083347792368
44.9743290548425,-0.95415,0.199334217803313,-5.59648871754122
44.9486581096849,-1.4238,0.129225466526109,-6.06704495715875
44.9229871645274,-0.15926,0.0655878997001694,-4.80341119677629
44.8973162193699,0.5765,0.00810031315086954,-4.06855743639382
44.8716452742124,-0.91028,-0.0436120961625017,-5.55624367601136
44.8459743290548,-1.2918,-0.0899674882712421,-5.93866991562889
44.8203033838973,-1.658,-0.13141683097112,-6.30577615524643
44.7946324387398,0.70906,-0.168433239178586,-3.93962239486396
44.7689614935823,0.090599,-0.201501394482613,-4.5589896344815
44.7432905484247,1.0042,-0.231107229238088,-3.64629487409903
44.7176196032672,1.0042,-0.257728049527646,-3.64720111371656
44.6919486581097,0.59128,-0.281823258778072,-4.0610273533341
44.6662777129522,-1.2918,-0.303825829015193,-5.94501359295163
44.6406067677946,-0.30661,-0.324134649962118,-4.96072983256917
44.6149358226371,-0.33617,-0.343107867735829,-4.9911960721867
44.5892648774796,-1.658,-0.361057305096729,-6.31393231180424
44.563593932322,-0.27704,-0.378244034387283,-4.93387855142177
44.5379229871645,-0.14448,-0.394875152796153,-4.80222479103931
44.512252042007,-0.82207,-0.411101787742513,-5.48072103065684
44.4865810968495,-1.1892,-0.427018338326687,-5.84875727027438
44.4609101516919,-0.49782,-0.4426629372658,-5.15828350989191
44.4352392065344,-0.7925,-0.458019096842702,-5.45386974950945
44.4095682613769,-1.0719,-0.473018482443893,-5.73417598912698
44.3838973162194,-0.42438,-0.487544738528745,-5.08756222874452
44.3582263710618,-0.1154,-0.501438274617911,-4.77948846836205
44.3325554259043,1.492,-0.514501903347837,-3.17299470797958
44.3068844807468,-1.2918,-0.526507209017921,-5.95770094759712
44.2812135355893,-1.2479,-0.537201513535448,-5.91470718721465
44.2555425904317,-2.2154,-0.546315297387252,-6.88311342683219
44.2298716452742,0.19407,-0.553569926351178,-4.47454966644972
44.2042007001167,1.4181,-0.558685530185811,-3.25142590606726
44.1785297549592,0.16451,-0.561388877551231,-4.50592214568479
44.1528588098016,-0.88072,-0.561421091930097,-5.55205838530233
44.1271878646441,-1.0571,-0.558545056317222,-5.72934462491986
44.1015169194866,-0.93985,-0.552552359873079,-5.61300086453739
44.0758459743291,-0.43917,-0.543269647506866,-5.11322710415493
44.0501750291715,0.45872,-0.530564243350575,-4.21624334377246
44.024504084014,0.32616,-0.514348931160465,-4.34970958339
43.9988331388565,-0.93985,-0.494585788661966,-5.61662582300753
43.9731621936989,-0.36573,-0.471288988537967,-5.04341206262507
43.9474912485414,-0.13018,-0.444526495925405,-4.8087683022426
43.9218203033839,0.19407,-0.414420610686753,-4.48542454186014
43.8961493582264,-0.74816,-0.381147322099335,-5.42856078147767
43.8704784130689,-1.4381,-0.344934463679625,-6.11940702109521
43.8448074679113,-0.17405,-0.306058676343495,-4.85626326071274
43.8191365227538,-0.74816,-0.264841208700709,-5.43127950033028
43.7934655775963,-1.0867,-0.221642603691324,-5.77072573994781
43.7677946324387,-0.39482,-0.176856340692704,-5.07975197956534
43.7421236872812,0.12016,-0.130901521358547,-4.56567821918288
43.7164527421237,0.50306,-0.0842147055053861,-4.18368445880041
43.6907817969662,1.0781,-0.0372410200552255,-3.60955069841795
43.6651108518086,-0.20361,0.00957532089061801,-4.89216693803548
43.6394399066511,-1.4968,0.0558009335806583,-6.18626317765302
43.6137689614936,-0.24796,0.101023457391081,-4.93832941727055
43.588098016336,-0.46873,0.144861851713329,-5.16000565688809
43.5624270711785,0.10538,0.186976619504885,-4.58680189650562
43.536756126021,1.359,0.227079776367753,-3.33408813612316
43.5110851808635,0.59128,0.264944383056796,-4.10271437574069
43.485414235706,1.832,0.300413461155531,-2.86290061535822
43.4597432905484,-1.4825,0.333408116323454,-6.17830685497576
43.4340723453909,-0.24796,0.363934701010226,-4.94467309459329
43.4084014002334,-1.2627,0.392090858800256,-5.96031933421083
43.3827304550758,1.3738,0.418070305509117,-3.32472557382836
43.3570595099183,2.2016,0.442166217670505,-2.4978318134459
43.3313885647608,1.359,0.464773116960452,-3.34133805306343
43.3057176196033,1.1373,0.486387159195057,-3.56394429268097
43.2800466744457,-0.70429,0.50760475856351,-5.4064405322985
43.2543757292882,1.3738,0.529119501439234,-3.32925677191604
43.2287047841307,-0.33617,0.551717329136252,-5.04013301153357
43.2030338389732,0.35572,0.576269995005191,-4.3491492511511
43.1773628938156,0.78249,0.603726827929858,-3.92328549076864
43.1516919486581,0.76818,0.635104861207377,-3.93850173038617
43.1260210035006,1.0781,0.671477412575352,-3.62948797000371
43.100350058343,0.5765,0.713961227382641,-4.13199420962124
43.0746791131855,0.88596,0.763702322176664,-3.82344044923878
43.049008168028,1.2112,0.821860689895355,-3.49910668885631
43.0233372228705,-0.6156,0.889594050009047,-5.32681292847385
42.997666277713,1.7581,0.968040846977452,-2.95401916809138
42.9719953325554,0.88596,1.05830271791102,-3.82706540770892
42.9463243873979,-0.27704,1.16142666502514,-4.99097164732645
42.9206534422404,1.0486,1.27838718005361,-3.66623788694399
42.8949824970828,1.5068,1.41006857598966,-3.20894412656152
42.8693115519253,2.2459,1.55724778613594,-2.47075036617905
42.8436406067678,1.3442,1.72057789130918,-3.37335660579659
42.8179696616103,1.0486,1.90057263305069,-3.66986284541412
42.7922987164527,1.9059,2.09759216378909,-2.81346908503166
42.7666277712952,3.5057,2.31183027409299,-1.21457532464919
42.7409568261377,4.0255,2.5433033225065,-0.695681564266727
42.7152858809802,3.9959,2.79184107510594,-0.726187803884262
42.6896149358226,2.0685,3.05707964004225,-2.6544940435018
42.6639439906651,3.1052,3.33845665718675,-1.61870028311933
42.6382730455076,3.5057,3.63520887488263,-1.21910652273687
42.6126021003501,4.3521,3.94637221507987,-0.3736127623544
42.5869311551925,3.4909,4.27078439520246,-1.23571900197194
42.561260210035,4.3225,4.60709014041604,-0.40502524158947
42.5355892648775,5.589,4.95374898401926,0.860568518792997
42.50991831972,5.6782,5.30904561699242,0.948862279175462
42.4842473745624,6.0511,5.67110271084496,1.32085603955793
42.4585764294049,6.6929,6.0378961013666,1.96174979994039
42.4329054842474,5.0521,6.40727218526863,0.320043560322858
42.4072345390898,6.3791,6.7769673475639,1.64613732070532
42.3815635939323,7.0977,7.14462920542498,2.36383108108779
42.3558926487748,7.0677,7.50783942470892,2.33292484147025
42.3302217036173,9.1228,7.86413783884204,4.38711860185272
42.3045507584597,7.7119,8.21104757677927,2.97531236223518
42.2788798133022,8.8367,8.54610088770258,4.09920612261765
42.2532088681447,8.1162,8.86686533535991,3.37779988300012
42.2275379229872,8.8367,9.17097002476702,4.09739364338258
42.2018669778296,8.1611,9.45613151862779,3.42088740376505
42.1761960326721,10.8099,9.72017910043143,6.06878116414751
42.1505250875146,10.8852,9.96107904583671,6.14317492452998
42.1248541423571,9.9201,10.1769575736545,5.17716868491244
42.0991831971995,9.0775,10.3661221624118,4.33366244529491
42.073512252042,10.2811,10.5270809379613,5.53635620567737
42.0478413068845,10.7946,10.6585598616512,6.04894996605984
42.0221703617269,11.0517,10.7595174768747,6.3051437264423
41.9964994165694,11.4899,10.8291570039889,6.74243748682477
41.9708284714119,10.5376,10.8669356091698,5.78923124720724
41.9451575262544,10.8399,10.8725707112445,6.0906250075897
41.9194865810968,11.0664,10.8460432313338,6.31621876797217
41.8938156359393,9.9201,10.7875977326482,5.16901252835463
41.8681446907818,11.1876,10.6977394413481,6.4356062887371
41.8424737456243,10.0102,10.5772281833422,5.25730004911956
41.8168028004667,12.4574,10.4270693155688,7.70359380950203
41.7911318553092,11.0064,10.2485017729979,6.25168756988449
41.7654609101517,9.8147,10.042983393633,5.05908133026696
41.7397899649942,9.2731,9.81217372252371,4.51657509064942
41.7141190198366,8.9722,9.55791453160371,4.21476885103189
41.6884480746791,9.8147,9.28220832446643,5.05636261141436
41.6627771295216,9.9049,8.98719512345322,5.14565637179682
41.6371061843641,9.0923,8.6751278602015,4.33215013217929
41.6114352392065,8.882,8.34834670968721,4.12094389256175
41.585764294049,8.101,8.0092527214882,3.33903765294422
41.5600933488915,6.6633,7.66028111026606,1.90043141332668
41.534422403734,6.2599,7.30387457017335,1.49612517370915
41.5087514585764,6.6032,6.94245697499681,1.83851893409161
41.4830805134189,7.1425,6.57840781739056,2.37691269447408
41.4574095682614,5.2609,6.21403772667661,0.494406454856544
41.4317386231038,5.7826,5.85156538562347,1.01520021523901
41.4060676779463,4.8728,5.49309614267583,0.104493975621475
41.3803967327888,5.6782,5.14060258769834,0.908987736003941
41.3547257876313,4.59,4.79590732689061,-0.180118503613595
41.3290548424738,5.2161,4.46066815667175,0.445075256768871
41.3033838973162,3.4466,4.13636579762177,-1.32533098284866
41.2777129521587,3.5653,3.82429430865404,-1.2075372224662
41.2520420070012,3.521,3.52555425916233,-1.25274346208373
41.2263710618436,3.6397,3.24104869364897,-1.13494970170127
41.2007001166861,4.0402,2.97148188001934,-0.735355941318802
41.1750291715286,1.5364,2.71736079004375,-3.24006218093634
41.1493582263711,3.4909,2.47899921915041,-1.28646842055387
41.1236872812135,2.305,2.25652441340369,-2.47327466017141
41.098016336056,0.94509,2.04988603488651,-3.83409089978894
41.0723453908985,1.3146,1.85886726333863,-3.46548713940647
41.0466744457409,1.359,1.68309780233944,-3.42199337902401
41.0210035005834,1.8172,1.52206853303174,-2.96469961864154
40.9953325554259,2.4085,1.37514753774792,-2.37430585825908
40.9696616102684,0.32616,1.24159720022916,-4.45755209787661
40.9439906651109,2.0981,1.1205920786336,-2.68651833749415
40.9183197199533,0.81205,1.01123724233404,-3.97347457711168
40.8926487747958,1.3146,0.912586763635431,-3.47183081672922
40.8669778296383,0.70906,0.823662060929251,-4.07827705634675
40.8413068844807,0.65041,0.74346980028303,-4.13783329596429
40.8156359393232,0.67949,0.671019077788527,-4.10965953558182
40.7899649941657,0.8564,0.60533762482324,-3.93365577519936
40.7642940490082,0.7534,0.545486802303676,-4.03756201481689
40.7386231038506,0.35572,0.490575177539261,-4.43614825443442
40.7129521586931,0.8564,0.439770507888342,-3.93637449405196
40.6872812135356,1.2407,0.392309988476187,-3.55298073366949
40.6616102683781,0.26751,0.347508656125431,-4.52707697328703
40.6359393232205,-1.1306,0.304765877710548,-5.92609321290456
40.610268378063,1.1964,0.263569887705269,-3.5999994525221
40.5845974329055,0.090599,0.223500376068472,-4.70670669213963
40.5589264877479,-0.82207,0.18422916314542,-5.62028193175717
40.5332555425904,0.87118,0.145519032306182,-3.9279381713747
40.5075845974329,0.94509,0.107220822996291,-3.85493441099223
40.4819136522754,-0.7925,0.0692689161779774,-5.59343065060977
40.4562427071179,0.4735,0.031675270292501,-4.3283368902273
40.4305717619603,-0.012398,-0.0054778115599324,-4.81514112984484
40.4049008168028,-1.7314,-0.0420459839073489,-6.53504936946237
40.3792298716453,-0.52738,-0.0778320169544214,-5.33193560907991
40.3535589264877,1.359,-0.112595586720512,-3.44646184869744
40.3278879813302,0.60606,-0.146063468163241,-4.20030808831498
40.3022170361727,-0.1154,-0.177939901304554,-4.92267432793251
40.2765460910152,-0.7925,-0.207916903982641,-5.60068056755005
40.2508751458576,-1.0424,-0.235684312790331,-5.85148680716758
40.2252042007001,-1.4968,-0.260939345793166,-6.30679304678512
40.1995332555426,1.0338,-0.283395496435285,-3.77709928640265
40.1738623103851,-0.42438,-0.302790587257102,-5.23618552602018
40.1481913652275,-0.35095,-0.318893834222333,-5.16366176563772
40.12252042007,-1.4968,-0.331511797089184,-6.31041800525525
40.0968494749125,-1.4529,-0.340493117825635,-6.26742424487279
40.071178529755,-0.085831,-0.345731976996598,-4.90126148449032
40.0455075845974,-0.071049,-0.347170226757452,-4.88738572410786
40.0198366394399,0.002384,-0.344798187984078,-4.81485896372539
39.9941656942824,1.3294,-0.338654127569544,-3.48874920334293
39.9684947491249,0.48828,-0.328822459454976,-4.33077544296046
39.9428238039673,-0.57173,-0.315430738998187,-5.39169168257799
39.9171528588098,0.031948,-0.298645544318913,-4.78891992219553
39.8914819136523,-0.21839,-0.27866735984329,-5.04016416181307
39.8658109684947,-0.02718,-0.255724596009104,-4.8498604014306
39.8401400233372,-0.26226,-0.230066894658665,-5.08584664104813
39.8144690781797,0.45872,-0.201957881779498,-4.36577288066567
39.7887981330222,-1.4968,-0.17166753777137,-6.3221991202832
39.7631271878646,-0.45395,-0.139464360215556,-5.28025535990074
39.7374562427071,0.48828,-0.105607495172333,-4.33893159951827
39.7117852975496,-0.085831,-0.0703390103865013,-4.91394883913581
39.6861143523921,1.1225,-0.0338764775668344,-3.70652407875334
39.6604434072345,0.51784,0.00359397867653358,-4.31209031837088
39.634772462077,-0.15926,0.0419240203346325,-4.99009655798841
39.6091015169195,-1.1454,0.0810086944931718,-5.97714279760594
39.583430571762,-0.26226,0.120791179211357,-5.09490903722348
39.5577596266044,-0.64516,0.161266584987567,-5.47871527684101
39.5320886814469,-1.966,0.202484741323979,-6.80046151645855
39.5064177362894,-0.02718,0.244551920231757,-4.86254775607608
39.4807467911319,0.7534,0.287631471367535,-4.08287399569362
39.4550758459743,1.7433,0.331943366360043,-3.09388023531115
39.4294049008168,1.832,0.377762672278891,-3.00608647492869
39.4037339556593,-0.45395,0.425416995641138,-5.29294271454622
39.3780630105017,-0.10061,0.475282958398945,-4.94050895416376
39.3523920653442,1.1077,0.527781785594837,-3.73310519378129
39.3267211201867,0.38528,0.583374100447918,-4.45643143339883
39.3010501750292,1.2703,0.642554036236052,-3.57231767301636
39.2753792298717,-0.27704,0.705842785216761,-5.12056391263389
39.2497082847141,1.2259,0.773781712799126,-3.61853015225143
39.2240373395566,2.3789,0.846925170123493,-2.46643639186896
39.1983663943991,2.7041,0.925833140078247,-2.1421426314865
39.1726954492415,0.20838,1.011063850606,-4.63876887110403
39.147024504084,1.5659,1.10316648501625,-3.28215511072157
39.1213535589265,-0.57173,1.20267411208502,-5.4206913503391
39.095682613769,1.4625,1.31009694920227,-3.38736758995664
39.0700116686114,-0.041485,1.42591605999974,-4.89225882957417
39.0443407234539,0.10538,1.55057757407858,-4.74630006919171
39.0186697782964,1.7729,1.68448750102351,-3.07968630880924
38.9929988331389,1.8764,1.82800719423577,-2.97709254842677
38.9673278879813,2.2607,1.98144950266328,-2.59369878804431
38.9416569428238,1.9503,2.14507563068817,-2.90500502766184
38.9159859976663,4.2334,2.3190927086896,-0.622811267279379
38.8903150525087,3.7584,2.50365205956579,-1.09871750689691
38.8646441073512,3.1347,2.69884813019208,-1.72332374651445
38.8389731621937,1.832,2.90471804180212,-3.02692998613198
38.8133022170362,2.4824,3.121241699966,-2.37743622574952
38.7876312718787,2.8825,3.34834239351607,-1.97824246536705
38.7619603267211,2.5415,3.58588780270555,-2.32014870498459
38.7362893815636,3.7136,3.83369133028617,-1.14895494460212
38.7106184364061,4.5753,4.09151366521045,-0.288161184219654
38.6849474912485,5.3802,4.35906448738844,0.51583257616281
38.659276546091,5.0073,4.63600422337928,0.142026336545276
38.6336056009335,4.9329,4.92194576703236,0.0667200969277415
38.607934655776,6.3643,5.2164560858003,1.49721385731021
38.5822637106184,5.2757,5.51905764255731,0.407707617692671
38.5565927654609,4.59,5.82922957404135,-0.278898621924863
38.5309218203034,5.5442,6.14640858021338,0.674395138457603
38.5052508751458,6.918,6.46998949356311,2.04728889884007
38.4795799299883,8.3408,6.7993255133165,3.46918265922253
38.4539089848308,7.1125,7.13372810621556,2.239976419605
38.4282380396733,6.2747,7.4724665926206,1.40127017998747
38.4025670945158,7.5321,7.81476745369205,2.65776394036993
38.3768961493582,7.2622,8.15981341190234,2.3869577007524
38.3512252042007,9.8,8.50674235267287,4.92385146113486
38.3255542590432,8.5206,8.85464616910934,3.64354522151733
38.2998833138856,8.5659,9.20256962422666,3.68793898189979
38.2742123687281,9.2883,9.54950933535471,4.40943274228226
38.2485414235706,9.4686,9.89441299328179,4.58882650266472
38.2228704784131,10.4923,10.2361789338582,5.61162026304719
38.1971995332555,11.384,10.5736561820385,6.50241402342965
38.171528588098,10.5529,10.9056450875392,5.67040778381212
38.1458576429405,11.2176,11.2308986673476,6.33420154419458
38.120186697783,11.9886,11.5481247632167,7.10429530457705
38.0945157526254,12.7006,11.8559891120873,7.81538906495951
38.0688448074679,13.0496,12.1531194141943,8.16348282534198
38.0431738623104,12.3816,12.4381104676512,7.49457658572445
38.0175029171528,13.3228,12.7095304198029,8.43487034610691
37.9918319719953,12.67,12.9659281649064,7.78116410648938
37.9661610268378,12.0187,13.2058418951215,7.12895786687184
37.9404900816803,13.0043,13.4278087877609,8.11365162725431
37.9148191365228,12.7764,13.6303757867343,7.88484538763677
37.8891481913652,14.4472,13.8121114105937,9.55473914801924
37.8634772462077,14.8892,13.9716184940576,9.99583290840171
37.8378063010502,14.2183,14.1075477448755,9.32402666878417
37.8121353558927,14.0514,14.2186119739066,9.15622042916663
37.7864644107351,12.67,14.3036008338406,7.7739141895491
37.7607934655776,12.7306,14.3613958815718,7.83360794993157
37.7351225204201,14.1883,14.3909857613142,9.29040171031403
37.7094515752625,14.935,14.3914812905429,10.0361954706965
37.683780630105,15.6517,14.3621302191408,10.751989231079
37.6581096849475,13.8693,14.3023314240511,8.96868299146143
37.63243873979,14.2336,14.2116482975475,9.33207675184389
37.6067677946324,14.1578,14.0898210871393,9.25537051222636
37.5810968494749,14.8282,13.9367779492528,9.92486427260883
37.5554259043174,13.7177,13.7526444872397,8.81345803299129
37.5297549591599,14.6909,13.537751556924,9.78575179337375
37.5040840140023,12.8369,13.2926411397338,7.93084555375622
37.4784130688448,13.7177,13.0180701042895,8.81073931413869
37.4527421236873,12.1851,12.7150117019003,7.27723307452115
37.4270711785298,11.2782,12.3846546694425,6.36942683490362
37.4014002333722,13.0649,12.0283998441774,8.15522059528608
37.3757292882147,11.5805,11.6478542287795,6.66991435566855
37.3500583430572,12.3515,11.2448224806981,7.44000811605101
37.3243873978996,9.8147,10.8212958374293,4.90230187643348
37.2987164527421,8.882,10.3794385277737,3.96869563681594
37.2730455075846,11.0817,9.92157175808117,6.16748939719841
37.2473745624271,9.3937,9.45015540124663,4.47858315758087
37.2217036172695,8.8367,8.96776755417577,3.92067691796334
37.196032672112,8.1162,8.47708216598291,3.1992706783458
37.1703617269545,8.1911,7.98084497369664,3.27326443872827
37.144690781797,8.0113,7.48184801415014,3.09255819911074
37.1190198366394,9.0322,6.98290300946494,4.1125519594932
37.0933488914819,5.723,6.48681394858431,0.802445719875667
37.0676779463244,5.8274,5.99634920820724,0.905939480258132
37.0420070011669,4.5753,5.51421357280603,-0.347066759359402
37.0163360560093,4.4117,5.04302052482939,-0.511572998976937
36.9906651108518,5.3501,4.58526518241973,0.425920761405529
36.9649941656943,3.2239,4.14329826280031,-1.70118547821201
36.9393232205368,3.9663,3.71930144478527,-0.959691717829541
36.9136522753792,3.5505,3.31526449358341,-1.37639795744707
36.8879813302217,3.2978,2.93296449523563,-1.63000419706461
36.8623103850642,2.1424,2.57394752675983,-2.78631043668214
36.8366394399066,2.7785,2.23951306156841,-2.15111667629968
36.8109684947491,1.0486,1.93070137824675,-3.88192291591721
36.7852975495916,1.5216,1.64828420468372,-3.40982915553475
36.7596266044341,0.32616,1.39275878925031,-4.60617539515228
36.7339556592766,0.51784,1.16434554671714,-4.41540163476982
36.708284714119,1.7285,0.962989379436906,-3.20564787438735
36.6826137689615,-1.1892,0.788364724597891,-6.12425411400489
36.656942823804,0.63562,0.63988432673175,-4.30034035362242
36.6312718786464,0.20838,0.516711681824036,-4.72848659323996
36.6056009334889,1.2851,0.417777046050345,-3.65267283285749
36.5799299883314,1.699,0.341796849087919,-3.23967907247502
36.5542590431739,0.78249,0.287296299885681,-4.15709531209256
36.5285880980163,1.0633,0.252634922471907,-3.87719155171009
36.5029171528588,1.2555,0.236034711585281,-3.68589779132763
36.4772462077013,-0.1154,0.235610553362845,-5.05770403094516
36.4515752625438,0.45872,0.249402515707961,-4.4844902705627
36.4259043173862,0.7534,0.275409576957672,-4.19071651018023
36.4002333722287,0.23794,0.311624330687231,-4.70708274979777
36.3745624270712,0.28229,0.35606817949028,-4.6636389894153
36.3488914819136,0.67949,0.406826511850133,-4.26734522903284
36.3232205367561,0.34094,0.462083344192029,-4.60680146865037
36.2975495915986,0.87118,0.520154905218044,-4.07746770826791
36.2718786464411,-0.5126,0.579521641928663,-5.46215394788544
36.2462077012836,0.63562,0.638858136487454,-4.31484018750297
36.220536756126,0.98944,0.697060440350242,-3.96192642712051
36.1948658109685,0.63562,0.753270356818429,-4.31665266673804
36.169194865811,0.72384,0.806896235245029,-4.22933890635558
36.1435239206534,1.6842,0.857629879273688,-3.26988514597311
36.1178529754959,1.1373,0.905459217373016,-3.81769138559065
36.0921820303384,0.44394,0.950676436085139,-4.51195762520818
36.0665110851809,-0.39482,0.993881334281678,-5.35162386482572
36.0408401400233,0.4735,1.03597971965992,-4.48421010444325
36.0151691948658,1.0633,1.07817673597309,-3.89531634406079
35.9894982497083,0.41485,1.1219650802445,-4.54467258367832
35.9638273045507,1.832,1.16910814256375,-3.12842882329585
35.9381563593932,1.1373,1.22161817603734,-3.82403506291339
35.9124854142357,1.8172,1.2817296800442,-3.14504130253092
35.8868144690782,2.039,1.35186825506664,-2.92414754214846
35.8611435239207,1.5955,1.43461526093742,-3.36855378176599
35.8354725787631,1.8616,1.53266868126008,-3.10336002138353
35.8098016336056,2.039,1.64880066391775,-2.92686626100106
35.7841306884481,1.7138,1.78581226990132,-3.2529725006186
35.7584597432905,0.91553,1.94648601910664,-4.05214874023613
35.732788798133,1.2555,2.13353687127215,-3.71308497985367
35.7071178529755,1.1816,2.34956232191581,-3.7878912194712
35.681446907818,2.3198,2.59699232613202,-2.65059745908873
35.6557759626604,2.3789,2.87803978667065,-2.59240369870627
35.6301050175029,3.283,3.19465235620074,-1.6892099383238
35.6044340723454,3.1643,3.54846630654819,-1.80881617794134
35.5787631271879,4.0555,3.94076320961558,-0.918522417558872
35.5530921820303,4.4713,4.37243015542166,-0.503628657176407
35.5274212368728,5.1413,4.84392420217382,0.165465103206058
35.5017502917153,6.813,5.3552417116144,1.83625886358852
35.4760793465578,5.1565,5.90589317033572,0.17885262397099
35.4504084014002,7.1125,6.49488403478866,2.13394638435345
35.4247374562427,8.4758,7.12070206493764,3.49634014473592
35.3990665110852,8.431,7.78131152973454,3.45063390511838
35.3733955659277,9.4237,8.4741545777503,4.44242766550085
35.3477246207701,9.1376,9.19615996952859,4.15542142588332
35.3220536756126,10.5677,9.94375926576568,5.58461518626578
35.2963827304551,10.8247,10.7129104586575,5.84070894664825
35.2707117852976,11.6863,11.4991289241853,6.70140270703071
35.24504084014,13.7024,12.2975254623202,8.71659646741318
35.2193698949825,12.0492,13.1028510817759,7.06249022779564
35.193698949825,12.8827,13.9095480777232,7.89508398817811
35.1680280046674,15.1181,14.7118068465302,10.1295777485606
35.1423570595099,14.5993,15.5036277828198,9.60987150894304
35.1166861143524,14.4167,16.2788875126254,9.4263652693255
35.0910151691949,17.9772,17.0314086337918,12.985959029708
35.0653442240373,18.0693,17.7550320625406,13.0771527900904
35.0396732788798,17.6554,18.4436910247095,12.6623465504729
35.0140023337223,19.8536,19.0914856828335,14.8596403108554
34.9883313885648,18.6534,19.692757357069,13.6585340712378
34.9626604434072,20.7644,20.2421612798474,15.7686278316203
34.9369894982497,19.7306,20.7347368217835,14.7339215920028
34.9113185530922,20.5479,21.1659741401802,15.5503153523852
34.8856476079347,21.1506,21.5318762316824,16.1521091127677
34.8599766627771,21.7223,21.8290154171672,16.7229028731502
34.8343057176196,22.1243,22.0545833494926,17.1239966335326
34.8086347724621,21.3361,22.2064337126687,16.3348903939151
34.7829638273045,23.9258,22.2831168735025,18.9236841542976
34.757292882147,20.8259,22.2839058526792,15.82287791468
34.7316219369895,21.8773,22.2088131002131,16.8733716750625
34.705950991832,21.6918,22.0585976886257,16.686965435445
34.6802800466744,22.8386,21.834762674284,17.8328591958274
34.6546091015169,22.3107,21.5395425210413,17.3040529562099
34.6289381563594,22.5902,21.175880628536,17.5826467165923
34.6032672112019,20.3156,20.7473971579029,15.3071404769748
34.5775962660443,20.6714,20.2583474978968,15.6620342373573
34.5519253208868,19.4535,19.7135718620602,14.4432279977397
34.5262543757293,18.7612,19.1184366501712,13.7500217581222
34.5005834305718,20.5011,18.4787683423496,15.4890155185047
34.4749124854142,15.9416,17.800780819553,10.9286092788871
34.4492415402567,18.8379,17.0909971175166,13.8240030392696
34.4235705950992,16.7365,16.3561667204053,11.7216967996521
34.3978996499417,16.3074,15.6031795836691,11.2916905600345
34.3722287047841,12.9738,14.838978141155,7.957184320417
34.3465577596266,12.6548,14.0704685980423,7.63727808079947
34.3208868144691,13.4292,13.3044328375123,8.41077184118193
34.2952158693115,12.989,12.5474422744674,7.9696656015644
34.269544924154,11.2028,11.8057749736034,6.18255936194686
34.2438739789965,13.0801,11.0853373116326,8.05895312232933
34.218203033839,10.251,10.391591404704,5.22894688271179
34.1925320886815,9.5139,9.7294894426968,4.49094064309426
34.1668611435239,8.5812,9.10341597306994,3.55733440347673
34.1411901983664,8.296,8.51713905965864,3.27122816385919
34.1155192532089,9.0623,7.97377110790454,4.03662192424166
34.0898483080513,8.4009,7.47573999946073,3.37431568462412
34.0641773628938,5.1413,7.02477101820449,0.113809445006588
34.0385064177363,5.6486,6.621879878928,0.620203205389053
34.0128354725788,6.4092,6.2673769920901,1.37989696577152
33.9871645274212,7.442,5.9608829158904,2.41179072615398
33.9614935822637,5.0817,5.70135476357967,0.0505844865364491
33.9358226371062,5.6186,5.4871231524248,0.586578246918914
33.9101516919487,5.8722,5.31593910419279,0.83927200730138
33.8844807467911,6.0959,5.18503013845836,1.06206576768385
33.8588098016336,4.4265,5.09116464243168,-0.608240471933689
33.8331388564761,5.4097,5.03072345715639,0.374053288448776
33.8074679113185,4.0107,4.9997774924568,-1.02585295116876
33.781796966161,4.6492,4.99417007427973,-0.388259190786292
33.7561260210035,3.8028,5.00960264015266,-1.23556543040383
33.730455075846,4.5009,5.04172233310302,-0.538371670021363
33.7047841306885,4.9329,5.08621000292058,-0.107277909638896
33.6791131855309,4.5753,5.13886710706702,-0.465784149256431
33.6534422403734,5.0969,5.19570001239033,0.0549096111260337
33.6277712952159,5.7678,5.25300023320135,0.7249033715085
33.6021003500583,6.1407,5.30741920088128,1.09689713189097
33.5764294049008,6.0663,5.35603624423985,1.02159089227343
33.5507584597433,4.8132,5.39641856712166,-0.232415347344104
33.5250875145858,5.3949,5.42667213863545,0.348378413038361
33.4994165694282,5.6934,5.44548255983307,0.645972173420827
33.4737456242707,5.4846,5.45214513630509,0.436265933803293
33.4480746791132,5.2161,5.44658356627666,0.166859694185757
33.4224037339556,4.858,5.42935684538882,-0.192146545431777
33.3967327887981,5.5141,5.40165418921661,0.463047214950689
33.3710618436406,4.8132,5.36527797931042,-0.238759024666846
33.3453908984831,5.9023,5.32261494464146,0.84943473571562
33.3197199533256,5.5442,5.27659599422177,0.490428496098085
33.294049008168,6.2747,5.23064531479981,1.22002225648055
33.2683780630105,6.2451,5.18861953642325,1.18951601686302
33.242707117853,5.1413,5.15473794496669,0.0848097772454812
33.2170361726955,5.9767,5.1335048812966,0.919303537627947
33.1913652275379,5.3501,5.12962560869611,0.291797298010413
33.1656942823804,3.7436,5.14791705091681,-1.31560894160712
33.1400233372229,3.1495,5.19321490053759,-1.91061518122466
33.1143523920653,6.2151,5.27027866936815,1.15407857915781
33.0886814469078,6.2599,5.38369629804744,1.19797233954027
33.0630105017503,6.2003,5.53778995983143,1.13746609992274
33.0373395565928,6.3496,5.73652468339671,1.2858598603052
33.0116686114352,7.0076,5.98342138136023,1.94295362068767
32.9859976662777,6.6781,6.28147580567684,1.61254738107013
32.9603267211202,5.9023,6.63308485916334,0.835841141452601
32.9346557759627,6.6633,7.03998157561667,1.59593490183507
32.9089848308051,7.3972,7.50317994130078,2.32892866221753
32.8833138856476,7.2322,8.02293057034025,2.1630224226
32.8576429404901,8.5959,8.59868806851882,3.52581618298246
32.8319719953326,7.7715,9.22909072720356,2.70050994336493
32.806301050175,9.8147,9.91195298493413,4.74280370374739
32.7806301050175,9.9201,10.6442708821759,4.84729746412986
32.75495915986,10.5376,11.4222405185263,5.46389122451232
32.7292882147024,12.8369,12.2412893050563,7.76228498489479
32.7036172695449,13.247,13.0961195912411,8.17147874527726
32.6779463243874,15.3618,13.980764039817,10.2853725056597
32.6522753792299,14.6298,14.8886519274821,9.55246626604218
32.6266044340723,15.8196,15.8126853680563,10.7413600264247
32.6009334889148,17.487,16.7453242906728,12.4078537868071
32.5752625437573,17.0736,17.6786788616428,11.9935475471896
32.5495915985998,17.7169,18.6046079172859,12.635941307572
32.5239206534422,18.4379,19.5148218783316,13.3560350679545
32.4982497082847,19.8073,20.4009885460936,14.724528828337
32.4725787631272,20.8569,21.2548401376464,15.7732225887194
32.4469078179697,23.7241,22.0682799023523,18.6395163491019
32.4212368728121,23.2267,22.8334866754423,18.1412101094844
32.3955659276546,22.8696,23.5430157655819,17.7832038698668
32.3698949824971,22.6521,24.1898946415964,17.5647976302493
32.3442240373396,24.3459,24.7677119774378,19.2576913906318
32.318553092182,25.9838,25.2706987322494,20.8946851510142
32.2928821470245,26.7038,25.6938000817915,21.6137789113967
32.267211201867,25.7344,26.0327371759362,20.6434726717792
32.2415402567094,26.2809,26.2840578714679,21.1890664321616
32.2158693115519,27.4248,26.44517577685,22.3320601925441
32.1901983663944,26.5784,26.5143971424902,21.4847539529266
32.1645274212369,27.7696,26.4909353327973,22.675047713309
32.1388564760793,28.3031,26.3749128213142,23.2076414736915
32.1131855309218,26.2494,26.1673508537589,21.153035234074
32.0875145857643,26.8135,25.8701471223066,21.7162289944564
32.0618436406068,25.6095,25.4860419844028,20.5113227548389
32.0361726954492,24.6425,25.0185739375133,19.5434165152214
32.0105017502917,23.8638,24.472025224435,18.7638102756038
31.9848308051342,24.9076,23.8513585893671,19.8067040359863
31.9591598599767,22.6989,23.1621463304729,17.5970977963688
31.9334889148191,23.6464,22.4104928981572,18.5436915567512
31.9078179696616,20.7176,21.6029523681684,15.6139853171337
31.8821470245041,20.4086,20.7464421737962,15.3040790775161
31.8564760793466,19.6843,19.8481545112493,14.5788728378986
31.830805134189,18.1303,18.9154668365887,13.0239665982811
31.8051341890315,17.7627,17.9558528517113,12.6554603586635
31.779463243874,16.3536,16.9767953315981,11.245454119046
31.7537922987165,15.2855,15.9857020766303,10.1764478794285
31.7281213535589,14.4167,14.9898261838857,9.30674163981094
31.7024504084014,14.3099,13.9961917220246,9.19903540019341
31.6767794632439,11.9886,13.0115257680466,6.87682916057587
31.6511085180863,11.2481,12.0421976235414,6.13542292095834
31.6254375729288,10.6888,11.0941658759843,5.5752166813408
31.5997666277713,9.3632,10.1729338102543,4.24871044172327
31.5740956826138,9.0175,9.2835135100787,3.90210420210573
31.5484247374562,8.4457,8.43039882181574,3.3293979624882
31.5227537922987,8.0113,7.61754718711152,2.89409172287067
31.4970828471412,5.2905,6.84837018969339,0.17238548325313
31.4714119019837,6.454,6.12573250791479,1.33497924363559
31.4457409568261,5.3205,5.45195882148191,0.200573004018061
31.4200700116686,4.9624,4.8288480906525,-0.158433235599474
31.3943990665111,4.456,4.25769451138142,-0.665739475217007
31.3687281213536,4.6048,3.73931435233389,-0.517845714834543
31.343057176196,3.9663,3.27407780095841,-1.15725195445208
31.3173862310385,4.2334,2.8619448870619,-0.891058194069612
31.291715285881,3.6988,2.50250451429728,-1.42656443368715
31.2660443407235,1.0781,2.19501561296013,-4.04817067330468
31.2403733955659,1.1225,1.938449431369,-4.00467691292222
31.2147024504084,2.1276,1.73153200732014,-3.00048315253975
31.1890315052509,3.5949,1.57278590470088,-1.53408939215729
31.1633605600933,1.3886,1.46057036197516,-3.74129563177482
31.1376896149358,1.3442,1.39311907722392,-3.78660187139235
31.1120186697783,2.172,1.36857494672972,-2.95970811100989
31.0863477246208,1.1373,1.385021178466,-3.99531435062742
31.0606767794632,2.4676,1.44050831580187,-2.66592059024496
31.0350058343057,2.8672,1.53307682761348,-2.26722682986249
31.0093348891482,1.0929,1.66077504605057,-4.04243306948003
30.9836639439907,2.9712,1.82167235964188,-2.16503930909756
30.9579929988331,1.492,2.01386769445012,-3.6451455487151
30.9323220536756,2.4233,2.23549343688991,-2.71475178833263
30.9066511085181,3.521,2.48471506601325,-1.61795802795016
30.8809801633606,2.5711,2.75972686813762,-2.5687642675677
30.855309218203,1.9355,3.05874420046356,-3.20527050718523
30.8296382730455,3.0456,3.37999285089308,-2.09607674680277
30.803967327888,2.3346,3.72169610702153,-2.8079829864203
30.7782963827304,2.645,4.08206019697502,-2.49848922603784
30.7526254375729,3.8176,4.45925879751027,-1.32679546565537
30.7269544924154,2.9268,4.85141732006752,-2.21850170527291
30.7012835472579,5.3949,5.2565976831416,0.248692055109558
30.6756126021004,6.3643,5.67278425966571,1.21718581549202
30.6499416569428,6.1259,6.0978716517189,0.977879575874489
30.6242707117853,5.9023,6.52965489276186,0.753373336256955
30.5985997666278,6.9027,6.96582261110085,1.75286709663942
30.5729288214702,7.3824,7.40395360900504,2.23166085702189
30.5472578763127,7.9961,7.84151722175173,2.84445461740435
30.5215869311552,7.0677,8.27587772196537,1.91514837778682
30.4959159859977,8.2808,8.70430292924183,3.12734213816928
30.4702450408401,8.9121,9.12397707563026,3.75773589855175
30.4445740956826,9.3031,9.53201786657118,4.14782965893421
30.4189031505251,9.5592,9.92549756687355,4.40302341931668
30.3932322053676,11.0064,10.3014678347308,5.84931717969914
30.36756126021,10.704,10.6569879260144,5.54601094008161
30.3418903150525,12.1546,10.9891557983927,6.99570470046408
30.316219369895,10.9153,11.2951415622673,5.75549846084654
30.2905484247375,10.5529,11.5722226549336,5.392192221229
30.2648774795799,12.3663,11.8178200573221,7.20468598161147
30.2392065344224,13.9756,12.0295348304398,8.81307974199394
30.2135355892649,13.6871,12.2051842221365,8.5236735023764
30.1878646441073,12.989,12.3428365846948,7.82466726275887
30.1621936989498,11.1723,12.4408443502039,6.00706102314133
30.1365227537923,13.2318,12.4978743336465,8.0656547835238
30.1108518086348,13.6566,12.5129346726222,8.48954854390626
30.0851808634772,14.5993,12.4853977668565,9.43134230428873
30.0595099183197,14.5688,12.4150186489717,9.39993606467119
30.0338389731622,11.6558,12.3019482990011,6.48602982505366
30.0081680280047,11.5199,12.1467415071229,6.34922358543612
29.9824970828471,11.0211,11.9503589901498,5.84951734581859
29.9568261376896,11.2782,11.7141635753377,6.10571110620106
29.9311551925321,11.9281,11.4399103778121,6.75470486658352
29.9054842473746,9.1677,11.1297310130207,3.99339862696599
29.879813302217,11.3082,10.7861120007117,6.13299238734845
29.8541423570595,10.3416,10.4118676296331,5.16548614773092
29.828471411902,9.5892,10.0101076601193,4.41217990811338
29.8028004667445,9.1677,9.58420034275963,3.98977366849585
29.7771295215869,9.0623,9.1377313233589,3.88346742887831
29.7514585764294,9.2278,8.67445908552489,4.04806118926078
29.7257876312719,8.266,8.1982676508022,3.08535494964324
29.7001166861143,6.6929,7.71311731094137,1.51134871002571
29.6744457409568,7.0229,7.22299420654888,1.84044247040818
29.6487747957993,5.2161,6.73185959023384,0.0327362307906407
29.6231038506418,5.4994,6.24359961999958,0.315129991173106
29.5974329054843,4.8728,5.76197651990586,-0.312376248444428
29.5717619603267,4.1742,5.2905819201705,-1.01188248806196
29.5460910151692,4.694,4.83279314843333,-0.492988727679498
29.5204200700117,4.9624,4.39173318873503,-0.225494967297032
29.4947491248541,3.8919,3.9702349560239,-1.29690120691457
29.4690781796966,3.4466,3.57081045312349,-1.7431074465321
29.4434072345391,3.4018,3.19562528573714,-1.78881368614964
29.4177362893816,2.7041,2.84647891109907,-2.48741992576717
29.392065344224,2.0833,2.52479088933423,-3.1091261653847
29.3663943990665,2.0833,2.23159329560952,-3.11003240500224
29.340723453909,1.8468,1.96752933796829,-3.34743864461977
29.3150525087515,2.5711,1.73285811258876,-2.62404488423731
29.2893815635939,2.3494,1.52746531732595,-2.84665112385484
29.2637106184364,2.6155,1.35087963795307,-2.58145736347238
29.2380396732789,1.8468,1.20229442156979,-3.35106360308991
29.2123687281214,1.1225,1.08059416010192,-4.07626984270745
29.1866977829638,2.172,0.984385225399944,-3.02767608232498
29.1610268378063,1.1077,0.912030227654973,-4.09288232194252
29.1353558926488,2.5859,0.861685311941219,-2.61558856156005
29.1096849474912,0.41485,0.83133966464287,-4.78754480117758
29.0840140023337,0.69428,0.818856473020399,-4.50902104079512
29.0583430571762,0.7534,0.822014567604866,-4.45080728041265
29.0326721120187,1.8911,0.838549978562081,-3.31401352003019
29.0070011668611,0.45872,0.866196653420404,-4.74729975964772
28.9813302217036,1.5659,0.902725614090404,-3.64102599926526
28.9556592765461,0.29707,0.945981875122423,-4.91076223888279
28.9299883313886,1.5807,0.993918501589308,-3.62803847850033
28.904317386231,1.4625,1.04462725254824,-3.74714471811786
28.8786464410735,0.76818,1.09636533322227,-4.4423709577354
28.852975495916,0.29707,1.14757786417005,-4.91438719735293
28.8273045507585,0.41485,1.19691576696399,-4.79751343697046
28.8016336056009,0.91553,1.24324886135859,-4.297739676588
28.7759626604434,1.2999,1.28567406662919,-3.91427591620553
28.7502917152859,0.3705,1.3235186977087,-4.84458215582307
28.7246207701284,0.44394,1.35633894298197,-4.7720483954406
28.6989498249708,1.019,1.38391370321694,-4.19789463505814
28.6732788798133,1.2851,1.40623405832199,-3.93270087467567
28.6476079346558,0.62084,1.42348870876451,-4.59786711429321
28.6219369894982,1.0338,1.43604581007979,-4.18581335391074
28.5962660443407,1.5807,1.44443168065595,-3.63981959352828
28.5705950991832,1.1668,1.44930691383384,-4.05462583314581
28.5449241540257,1.4477,1.4514404644877,-3.77463207276335
28.5192532088681,0.98944,1.45168230708238,-4.23379831238088
28.4935822637106,0.90074,1.45093527642825,-4.32340455199842
28.4679113185531,1.8616,1.45012670393036,-3.36345079161595
28.4422403733956,2.2902,1.45018045127108,-2.93575703123348
28.416569428238,2.6894,1.45198992064068,-2.53746327085102
28.3908984830805,0.81205,1.45639258654442,-4.41571951046855
28.365227537923,0.67949,1.46414654978951,-4.54918575008609
28.3395565927655,2.7633,1.47590956060991,-2.46628198970362
28.3138856476079,0.73862,1.49222089630867,-4.49186822932116
28.2882147024504,1.4329,1.51348641071217,-3.79849446893869
28.2625437572929,2.172,1.53996699967115,-3.06030070855623
28.2368728121353,2.6598,1.57177065041477,-2.57340694817376
28.2112018669778,1.9355,1.60884816440859,-3.29861318779129
28.1855309218203,2.2311,1.65099256513134,-3.00391942740883
28.1598599766628,1.4772,1.69784212548036,-3.75872566702636
28.1341890315053,1.6103,1.74888687589159,-3.6265319066439
28.1085180863477,3.2387,1.80347838516639,-1.99903814626143
28.0828471411902,1.965,1.86084254276261,-3.27364438587897
28.0571761960327,0.54693,1.92009501510614,-4.6926206254965
28.0315052508751,0.8564,1.98025900031634,-4.38405686511404
28.0058343057176,2.7041,2.04028486642868,-2.53726310473157
27.9801633605601,2.8524,2.0990712283518,-2.38986934434911
27.9544924154026,2.7933,2.15548699881423,-2.44987558396664
27.928821470245,2.3937,2.20839393862316,-2.85038182358418
27.9031505250875,2.3346,2.25666923164279,-2.91038806320171
27.87747957993,1.6546,2.29922761976482,-3.59129430281924
27.8518086347725,2.1868,2.33504265234798,-3.06000054243678
27.8261376896149,1.4329,2.36316663252349,-3.81480678205431
27.8004667444574,2.4381,2.38274887860507,-2.81051302167185
27.7747957992999,1.9207,2.39305196166442,-3.32881926128938
27.7491248541424,4.5156,2.39346562907205,-0.734825500906918
27.7234539089848,0.82684,2.38351817729421,-4.42449174052445
27.6977829638273,2.986,2.36288509424566,-2.26623798014199
27.6721120186698,2.7337,2.33139485074676,-2.51944421975952
27.6464410735122,1.9059,2.28903178082936,-3.34815045937706
27.6207701283547,1.7285,2.23593605049962,-3.52645669899459
27.5950991831972,0.79727,2.17240077285903,-4.45859293861212
27.5694282380397,1.8764,2.09886638303393,-3.38036917822966
27.5437572928821,1.3294,2.01591243808633,-3.92827541784719
27.5180863477246,2.4529,1.92424705400233,-2.80568165746473
27.4924154025671,1.359,1.8246942331353,-3.90048789708226
27.4667444574096,2.5711,1.71817937041937,-2.6892941366998
27.441073512252,2.0537,1.60571325472015,-3.20760037631733
27.4154025670945,1.7433,1.48837490247143,-3.51890661593487
27.389731621937,1.4329,1.36729357404279,-3.8302128555524
27.3640606767795,0.59128,1.24363032904557,-4.67273909516994
27.3383897316219,1.5364,1.11855947512535,-3.72852533478747
27.3127187864644,-0.20361,0.993250255978894,-5.46944157440501
27.2870478413069,0.5765,0.868849108786624,-4.69023781402254
27.2613768961494,1.2555,0.74646279951465,-4.01214405364007
27.2357059509918,-0.071049,0.627142717276651,-5.33959929325761
27.2100350058343,1.7729,0.511870576915874,-3.49655653287514
27.1843640606768,1.1668,0.401545743010375,-4.10356277249268
27.1586931155192,0.22316,0.296974349516534,-5.04810901211021
27.1330221703617,0.78249,0.198860348178659,-4.48968525172775
27.1073512252042,-0.23317,0.107798576591068,-5.50625149134528
27.0816802800467,-0.1154,0.0242698943415472,-5.38938773096282
27.0560093348892,1.1816,-0.0513616061005389,-4.09329397058035
27.0303383897316,0.061512,-0.118849347300472,-5.21428821019789
27.0046674445741,-0.012398,-0.178063044992219,-5.28910444981542
26.9789964994166,-1.8926,-0.22898562264701,-7.17021268943295
26.953325554259,-0.88072,-0.271708399816788,-6.15923892905049
26.9276546091015,0.76818,-0.306424718524093,-4.51124516866802
26.901983663944,-1.2479,-0.333422194309801,-6.52823140828556
26.8763127187865,-0.52738,-0.35307379601817,-5.80861764790309
26.8506417736289,0.20838,-0.365827970835291,-5.07376388752063
26.8249708284714,-0.39482,-0.372198038462974,-5.67787012713816
26.7992998833139,-0.60082,-0.372751080682141,-5.8847763667557
26.7736289381564,-0.36573,-0.368096550125512,-5.65059260637323
26.7479579929988,0.23794,-0.358874815127623,-5.04782884599077
26.7222870478413,-1.8635,-0.345745846430858,-7.1501750856083
26.6966161026838,0.98944,-0.329378236757756,-4.29814132522583
26.6709451575263,0.78249,-0.310438726334657,-4.50599756484337
26.6452742123687,0.67949,-0.289582386941659,-4.6099038044609
26.6196032672112,-0.77772,-0.267443594574307,-6.06802004407844
26.5939323220537,0.60606,-0.244627896955625,-4.68514628369597
26.5682613768961,-1.0424,-0.221704857557491,-6.33451252331351
26.5425904317386,-0.43917,-0.199201933087924,-5.73218876293104
26.5169194865811,0.4735,-0.177599417157282,-4.82042500254858
26.4912485414236,-0.57173,-0.157326459591901,-5.86656124216611
26.465577596266,-0.46873,-0.1387581491049,-5.76446748178365
26.4399066511085,-0.93985,-0.122213627183895,-6.23649372140118
26.414235705951,-1.2183,-0.107955183466328,-6.51584996101872
26.3885647607935,-1.3356,-0.0961882678194461,-6.63405620063625
26.3628938156359,1.2259,-0.0870623420176187,-4.07346244025378
26.3372228704784,-0.36573,-0.080672484426023,-5.66599867987132
26.3115519253209,1.0929,-0.0770616544866601,-4.20827491948885
26.2858809801634,-1.9073,-0.0762235200119592,-7.20938115910639
26.2602100350058,-0.76294,-0.0781057492000407,-6.06592739872392
26.2345390898483,-1.3504,-0.0826136707055739,-6.65429363834146
26.2088681446908,-0.056267,-0.0896142087827393,-5.36106687795899
26.1831971995333,1.4329,-0.0989400061657556,-3.87280611757653
26.1575262543757,1.6842,-0.11039365463239,-3.62241235719406
26.1318553092182,-0.085831,-0.123751961744771,-5.3933495968116
26.1061843640607,-1.2479,-0.138770191702301,-6.55632483642913
26.0805134189031,-0.64516,-0.155186228192404,-5.95449107604666
26.0548424737456,-0.012398,-0.172724617213216,-5.3226353156642
26.0291715285881,0.90074,-0.191100457714126,-4.41040355528173
26.0035005834306,0.29707,-0.210023117229597,-5.01497979489927
25.977829638273,-0.23317,-0.229199758181747,-5.5461260345168
25.9521586931155,0.13495,-0.248338667955241,-5.17891227413434
25.926487747958,0.66471,-0.267152392013121,-4.65005851375187
25.9008168028005,0.38528,-0.285360674088947,-4.93039475336941
25.8751458576429,-0.92506,-0.30269321078138,-6.24164099298694
25.8494749124854,0.12016,-0.318892229673993,-5.19732723260448
25.8238039673279,-0.26226,-0.333714900444168,-5.58065347222201
25.7981330221704,-2.142,-0.346935587404922,-7.46129971183954
25.7724620770128,-0.21839,-0.358347949686451,-5.53859595145708
25.7467911318553,-0.54216,-0.367766891998809,-5.86327219107461
25.7211201866978,-0.91028,-0.375030364849888,-6.23229843069215
25.6954492415403,-0.1154,-0.38000100847753,-5.43832467030968
25.6697782963827,0.66471,-0.382567629866934,-4.65912090992722
25.6441073512252,-0.33617,-0.382646497347833,-5.66090714954475
25.6184364060677,-0.45395,-0.380182432685566,-5.77959338916229
25.5927654609102,-0.85115,-0.375149676571072,-6.17769962877982
25.5670945157526,-1.0867,-0.36755250023178,-6.41415586839736
25.5414235705951,-0.26226,-0.357425533756825,-5.59062210801489
25.5157526254376,0.22316,-0.344833780845915,-5.10610834763242
25.49008168028,-0.86594,-0.329872290200263,-6.19611458724996
25.4644107351225,0.38528,-0.312665455774554,-4.94580082686749
25.438739789965,-1.2183,-0.293365921647462,-6.55028706648503
25.4130688448075,-0.98372,-0.272153072335008,-6.31661330610256
25.3873978996499,-1.0867,-0.249231095900465,-6.4204995457201
25.3617269544924,0.79727,-0.2248266150854,-4.53743578533763
25.3360560093349,-0.88072,-0.199185890724959,-6.21633202495517
25.3103850641774,-0.13018,-0.172571611694029,-5.4666982645727
25.2847141190198,0.67949,-0.145259296294953,-4.65793450419024
25.2590431738623,0.97466,-0.117533341041016,-4.36367074380777
25.2333722287048,-1.1306,-0.0896827638857963,-6.46983698342531
25.2077012835473,1.8024,-0.0619966997517191,-3.53774322304284
25.1820303383897,-0.36573,-0.0347597163684149,-5.70677946266037
25.1563593932322,-0.17405,-0.00824702759402189,-5.51600570227791
25.1306884480747,0.94509,0.0172803107765906,-4.39777194189544
25.1050175029171,0.8564,0.0415801315248231,-4.48736818151298
25.0793465577596,-0.1154,0.0644337173839448,-5.46007442113051
25.0536756126021,-0.85115,0.0856500957068966,-6.19673066074805
25.0280046674446,0.51784,0.105069969081814,-4.82864690036558
25.0023337222871,-0.67472,0.122569187237847,-6.02211313998312
24.9766627771295,-0.92506,0.138061670791538,-6.27335937960065
24.950991831972,0.26751,0.151501705103421,-5.08169561921819
24.9253208868145,-0.55695,0.162885532666563,-5.90706185883572
24.8996499416569,-0.33617,0.172252184884351,-5.68718809845326
24.8739789964994,-0.57173,0.179683508595697,-5.92365433807079
24.8483080513419,-0.39482,0.185303358989456,-5.74765057768832
24.8226371061844,-0.5126,0.189275948274233,-5.86633681730586
24.7969661610268,0.10538,0.191803358240885,-5.24926305692339
24.7712952158693,1.2259,0.193122244236174,-4.12964929654093
24.7456242707118,2.039,0.19349977758772,-3.31745553615846
24.7199533255543,-0.98372,0.193228892692061,-6.341081775776
24.6942823803967,1.6251,0.192622923299612,-3.73316801539353
24.6686114352392,1.832,0.192009729507824,-3.52717425501107
24.6429404900817,-0.29182,0.191725432128078,-5.6519004946286
24.6172695449241,-0.056267,0.192107883975607,-5.41725373424614
24.5915985997666,-1.8339,0.193490017839506,-7.19579297386367
24.5659276546091,1.699,0.196193218071537,-3.6637992134812
24.5402567094516,-0.1154,0.200520866602459,-5.47910545309874
24.5145857642941,0.73862,0.206752214542881,-4.62599169271627
24.4889148191365,0.031948,0.215136727222861,-5.33356993233381
24.463243873979,1.8024,0.225889043530926,-3.56402417195134
24.4375729288215,1.2259,0.239184679778626,-4.14143041156888
24.4119019836639,0.48828,0.255156594185107,-4.87995665118641
24.3862310385064,-0.49782,0.273892710682604,-5.86696289080395
24.3605600933489,-0.77772,0.295434480411689,-6.14776913042148
24.3348891481914,0.38528,0.319776536411023,-4.98567537003902
24.3092182030338,-0.23317,0.346867472091878,-5.60503160965655
24.2835472578763,-0.10061,0.376611747669139,-5.47337784927408
24.2578763127188,0.54693,0.40887270139758,-4.82674408889162
24.2322053675613,0.17929,0.443476614874789,-5.19529032850915
24.2065344224037,0.67949,0.480217754484884,-4.69599656812669
24.1808634772462,0.73862,0.518864284944134,-4.63777280774422
24.1551925320887,0.4735,0.559164926538748,-4.90379904736176
24.1295215869312,0.35572,0.600856205659626,-5.02248528697929
24.1038506417736,0.70906,0.643670129243679,-4.67005152659683
24.0781796966161,0.63562,0.687342098274519,-4.74439776621436
24.0525087514586,-0.26226,0.7316188640557,-5.6431840058319
24.026837806301,-0.26226,0.776266323941105,-5.64409024544943
24.0011668611435,1.2407,0.821076950889323,-4.14203648506697
23.975495915986,1.2555,0.865876653794873,-4.1281427246845
23.9498249708285,1.9207,0.910530873121022,-3.46384896430203
23.9241540256709,0.51784,0.954949728879776,-4.86761520391957
23.8984830805134,0.73862,0.999092055319755,-4.6477414435371
23.8728121353559,1.7138,1.04296817851686,-3.67346768315464
23.8471411901984,0.70906,1.08664131902754,-4.67911392277217
23.8214702450408,0.82684,1.13022753136081,-4.56224016238971
23.7957992998833,-0.012398,1.17389412465666,-5.40238440200724
23.7701283547258,2.0537,1.21785654393806,-3.33719264162478
23.7444574095683,2.9712,1.26237372787394,-2.42059888124231
23.7187864644107,-0.10061,1.30774199633314,-5.49331512085984
23.6931155192532,0.56171,1.3542875582687,-4.83190136047738
23.6674445740957,2.1868,1.40235776677143,-3.20771760009491
23.6417736289382,2.9564,1.45231128259294,-2.43902383971245
23.6161026837806,1.3146,1.50450733920596,-4.08173007932998
23.5904317386231,1.9946,1.55929433072601,-3.40263631894752
23.5647607934656,2.3346,1.61699796800877,-3.06354255856505
23.539089848308,1.0781,1.67790926728542,-4.32094879818259
23.5134189031505,1.1668,1.74227264922622,-4.23315503780012
23.487747957993,0.95987,1.81027443386453,-4.44099127741766
23.4620770128355,2.0242,1.882032018031,-3.37756751703519
23.436406067678,1.7433,1.95758401663921,-3.65937375665273
23.4107351225204,1.4033,2.03688163727225,-4.00027999627026
23.3850641773629,1.5807,2.11978153913834,-3.82378623588779
23.3593932322054,4.1442,2.20604040283513,-1.26119247550533
23.3337222870478,4.6792,2.29531140687988,-0.727098715122864
23.3080513418903,1.0338,2.38714277116063,-4.3734049547404
23.2823803967328,2.9268,2.48097848701066,-2.48131119435793
23.2567094515753,2.9416,2.57616130929538,-2.46741743397547
23.2310385064177,2.6007,2.67193803862351,-2.809223673593
23.2053675612602,0.63562,2.76746707253695,-4.77520991321054
23.1796966161027,2.5563,2.86182815434906,-2.85543615282807
23.1540256709452,2.1276,2.95403419828447,-3.28504239244561
23.1283547257876,3.1939,3.04304502084546,-2.21964863206314
23.1026837806301,2.8081,3.1277827620036,-2.60635487168068
23.0770128354726,2.9712,3.2071487369776,-2.44416111129821
23.0513418903151,4.8728,3.28004142104226,-0.543467350915744
23.0256709451575,3.9215,3.34537523697196,-1.49567359053328
23,3.3574,3.40209978821082,-2.06067983015081
22.9743290548425,4.189,3.44921916140989,-1.22998606976835
22.9486581096849,3.387,3.48581091017149,-2.03289230938588
22.9229871645274,5.0817,3.51104432812449,-0.339098549003417
22.8973162193699,3.8328,3.52419762408633,-1.58890478862095
22.8716452742124,2.4529,3.5246736251331,-2.96971102823849
22.8459743290548,2.7337,3.51201365479763,-2.68981726785602
22.8203033838973,2.8081,3.48590926306464,-2.61632350747356
22.7946324387398,2.7041,3.44621152186148,-2.72122974709109
22.7689614935823,1.9355,3.39293764371189,-3.49073598670862
22.7432905484247,3.4614,3.32627473131842,-1.96574222632616
22.7176196032672,2.912,3.24658052110916,-2.51604846594369
22.6919486581097,2.8524,3.15438104313543,-2.57655470556123
22.6662777129522,2.6746,3.05036518193899,-2.75526094517876
22.6406067677946,3.1495,2.93537618683315,-2.2812671847963
22.6149358226371,3.2535,2.81040024411703,-2.17817342441383
22.5892648774796,2.2311,2.67655228668934,-3.20147966403137
22.563593932322,3.3131,2.53505927697092,-2.1203859036489
22.5379229871645,2.645,2.38724125563464,-2.78939214326644
22.512252042007,3.3131,2.23449050008877,-2.12219838288397
22.4865810968495,3.1495,2.07824918176396,-2.2867046225015
22.460910151692,1.7729,1.91998594892914,-3.66421086211904
22.4352392065344,1.4625,1.76117189106458,-3.97551710173657
22.4095682613769,1.9059,1.60325636097042,-3.53302334135411
22.3838973162194,0.076294,1.44764314119229,-5.36353558097164
22.3582263710618,1.019,1.29566744160425,-4.42173582058918
22.3325554259043,0.031948,1.14857420492199,-5.40969406020671
22.3068844807468,1.7285,1.0074981765591,-3.71404829982425
22.2812135355893,1.699,0.873446164845674,-3.74445453944178
22.2555425904317,1.5659,0.747281877677933,-3.87846077905932
22.2298716452742,1.6842,0.62971367285116,-3.76106701867685
22.2042007001167,0.72384,0.521285502538771,-4.72233325829438
22.1785297549592,1.1668,0.422371268695824,-4.28027949791192
22.1528588098016,0.31185,0.33317273682938,-5.13613573752945
22.1271878646441,-1.0571,0.253721081975925,-6.50599197714699
22.1015169194866,0.62084,0.183882064356183,-4.82895821676452
22.075845974329,1.5807,0.123364754621793,-3.87000445638206
22.0501750291715,0.002384,0.0717336514996514,-5.44922669599959
22.024504084014,-0.012398,0.0284239596270292,-5.46491493561713
21.9988331388565,0.26751,-0.00724027591492414,-5.18591317523466
21.973162193699,-1.1158,-0.0360255478427782,-6.5701294148522
21.9474912485414,-1.0133,-0.0587662063478919,-6.46853565446973
21.9218203033839,0.44394,-0.0763401998937193,-5.01220189408727
21.8961493582264,-1.7753,-0.0896437584621884,-7.2323481337048
21.8704784130688,-0.70429,-0.0995655718054931,-6.16224437332233
21.8448074679113,2.2163,-0.106961035236324,-3.24256061293987
21.8191365227538,-1.4238,-0.112627143608087,-6.8835668525574
21.7934655775963,-1.1597,-0.117278610029163,-6.62037309217494
21.7677946324387,-0.95415,-0.121525769406376,-6.41572933179247
21.7421236872812,0.56171,-0.125854798265189,-4.90077557141001
21.7164527421237,0.090599,-0.130610741848512,-5.37279281102754
21.6907817969662,-1.6141,-0.135983787907224,-7.07839805064508
21.6651108518086,-0.14448,-0.141999164761031,-5.60968429026261
21.6394399066511,-0.77772,-0.148510970254276,-6.24383052988015
21.6137689614936,0.62084,-0.155200159489978,-4.84617676949768
21.5880980163361,-1.0281,-0.161576834212157,-6.49602300911521
21.5624270711785,0.3705,-0.16698688708897,-5.09832924873275
21.536756126021,-0.73338,-0.170622961715444,-6.20311548835028
21.5110851808635,0.4735,-0.171539595776816,-4.99714172796782
21.4854142357059,0.94509,-0.168672322411303,-4.52645796758535
21.4597432905484,0.42915,-0.160860415310552,-5.04330420720289
21.4340723453909,-0.52738,-0.146872878391937,-6.00074044682042
21.4084014002334,-0.95415,-0.125437202791264,-6.42841668643796
21.3827304550758,1.7581,-0.0952703441700855,-3.71707292605549
21.3570595099183,0.35572,-0.0551113134737527,-5.12035916567303
21.3313885647608,0.061512,-0.00375472569924895,-5.41547340529056
21.3057176196033,0.10538,0.0599153848902329,-5.37251164490809
21.2800466744457,-0.30661,0.136892197399201,-5.78540788452563
21.2543757292882,0.76818,0.228013907742227,-4.71152412414316
21.2287047841307,1.3442,0.333933420052797,-4.1364103637607
21.2030338389732,0.29707,0.455090622834018,-5.18444660337823
21.1773628938156,0.69428,0.591687911843453,-4.78814284299577
21.1516919486581,0.56171,0.743669572991472,-4.9216190826133
21.1260210035006,0.81205,0.910705576647425,-4.67218532223084
21.1003500583431,1.1077,1.09218026071972,-4.37744156184837
21.0746791131855,1.9059,1.28718629498957,-3.58014780146591
21.049008168028,1.7138,1.49452422494946,-3.77315404108344
21.0233372228705,1.4181,1.71270779154517,-4.06976028070097
20.9976662777129,1.6694,1.93997511563394,-3.81936652031851
20.9719953325554,2.9712,2.17430572467447,-2.51847275993604
20.9463243873979,2.4972,2.41344328627461,-2.99337899955358
20.9206534422404,2.5415,2.65492380091163,-2.94998523917111
20.8949824970829,2.8377,2.89610889659004,-2.65469147878865
20.8693115519253,1.8172,3.13422376356078,-3.67609771840618
20.8436406067678,3.4318,3.36639916956866,-2.06240395802372
20.8179696616103,3.0603,3.58971690737736,-2.43481019764125
20.7922987164527,3.8176,3.80125794834282,-1.67841643725879
20.7666277712952,3.7732,3.9981525101746,-1.72372267687632
20.7409568261377,3.0751,4.17763119512036,-2.42272891649386
20.7152858809802,3.5801,4.33707631775943,-1.91863515611139
20.6896149358226,3.387,4.47407252024636,-2.11264139572892
20.6639439906651,4.3225,4.58645576775862,-1.17804763534646
20.6382730455076,3.8176,4.67235982832196,-1.68385387496399
20.6126021003501,6.0215,4.73025936904387,0.519139885418471
20.5869311551925,6.6929,4.75900884470202,1.18963364580094
20.561260210035,4.1146,4.7578764139219,-1.3895725938166
20.5355892648775,4.3077,4.72657219185583,-1.19737883343413
20.50991831972,4.2038,4.66527023508661,-1.30218507305167
20.4842473745624,5.5294,4.57462375291338,0.0225086873307987
20.4585764294049,3.6988,4.45577314750308,-1.80899755228674
20.4329054842474,5.3353,4.31034660168406,-0.173403791904271
20.4072345390898,3.2682,4.14045305534497,-2.2414100315218
20.3815635939323,3.7289,3.94866753729113,-1.78161627113934
20.3558926487748,4.0851,3.73800894674398,-1.42632251075687
20.3302217036173,3.5653,3.51191050515958,-1.94702875037441
20.3045507584597,3.5505,3.27418322241751,-1.96273498999194
20.2788798133022,2.4381,3.02897283948338,-3.07604122960948
20.2532088681447,2.7785,2.78071082026665,-2.73654746922701
20.2275379229872,3.7136,2.53406006661435,-1.80235370884455
20.2018669778296,4.0255,2.2938561204153,-1.49135994846208
20.1761960326721,1.2999,2.06504469406162,-4.21786618807962
20.1505250875146,3.2387,1.85261643369539,-2.27997242769715
20.1248541423571,1.1225,1.66153986768794,-4.39707866731469
20.0991831971995,2.7633,1.49669352487849,-2.75718490693222
20.073512252042,1.4477,1.36279822275031,-4.07369114654975
20.0478413068845,1.2555,1.2643505247673,-4.26679738616729
20.0221703617269,1.5068,1.20555834865744,-4.01640362578482
19.9964994165694,0.95987,1.19027967393668,-4.56423986540236
19.9708284714119,2.6155,1.22196524813455,-2.90951610501989
19.9451575262544,0.62084,1.30360612799847,-4.90508234463743
19.9194865810969,1.2555,1.43768681565809,-4.27132858425496
19.8938156359393,1.2999,1.6261446617887,-4.2278348238725
19.8681446907818,0.7534,1.87033610988201,-4.77524106349003
19.8424737456243,2.2902,2.17101024963287,-3.23934730310757
19.8168028004667,2.0833,2.52829003512269,-3.4471535427251
19.7911318553092,2.0685,2.94166140694951,-3.46285978234263
19.7654609101517,4.4117,3.40997043879068,-1.12056602196017
19.7397899649942,2.3494,3.93142851015796,-3.1837722615777
19.7141190198366,4.5304,4.50362539035222,-1.00367850119524
19.6884480746791,4.8432,5.12355000580562,-0.691784740812772
19.6627771295216,6.5732,5.78761855595984,1.03730901956969
19.6371061843641,4.9176,6.49170954327172,-0.619197220047842
19.6114352392065,6.6781,7.23120519238702,1.14039654033462
19.585764294049,7.2474,8.00103865330179,1.70879030071709
19.5600933488915,8.5812,8.79574631453775,3.04168406109955
19.534422403734,9.5291,9.60952449584967,3.98867782148202
19.5087514585764,10.8099,10.4362897463661,5.26857158186449
19.4830805134189,10.8399,11.2697419436851,5.29766534224695
19.4574095682614,12.5942,12.1034293723924,7.05105910262942
19.4317386231039,12.5484,12.930814956578,7.00435286301188
19.4060676779463,11.8375,13.7453428297813,6.29254662339435
19.3803967327888,15.8806,14.5405044467633,10.3347403837768
19.3547257876313,16.8896,15.3099034737352,11.3428341441593
19.3290548424737,16.4299,16.0473187361266,10.8822279045417
19.3033838973162,17.7474,16.7467645544684,12.1988216649242
19.2777129521587,16.2311,17.4025478581614,10.6816154253067
19.2520420070012,18.3916,18.0093215323864,12.8412091856891
19.2263710618436,18.054,18.5621335236988,12.5027029460716
19.2007001166861,20.4706,19.0564713034156,14.9183967064541
19.1750291715286,19.8226,19.4883013632439,14.2694904668365
19.1493582263711,20.4549,19.8541034932292,14.900884227219
19.1236872812135,20.6561,20.1508996666095,15.1011779876015
19.098016336056,20.5631,20.3762774282413,15.0072717479839
19.0723453908985,19.2227,20.5284077517104,13.6659655083664
19.046674445741,20.2541,20.6060573940165,14.6964592687489
19.0210035005834,21.5526,20.6085958349392,15.9940530291313
18.9953325554259,22.4037,20.5359969401478,16.8442467895138
18.9696616102684,20.8259,20.3888355322895,15.2655405498963
18.9439906651108,19.9151,20.1682790923629,14.3538343102787
18.9183197199533,19.0687,19.8760748445174,13.5065280706612
18.8926487747958,18.4073,19.5145325010813,12.8442218310437
18.8669778296383,20.5479,19.0865029613511,14.9839155914261
18.8413068844807,18.7454,18.5953532678792,13.1805093518086
18.8156359393232,19.269,18.0449381282444,13.703203112191
18.7899649941657,17.8089,17.4395683092598,12.2421968725735
18.7642940490082,17.9005,16.7839762050805,12.332890632956
18.7386231038506,15.8196,16.08327887159,10.2510843933384
18.7129521586931,14.1425,15.3429388077082,8.57307815372091
18.6872812135356,14.3709,14.5687227508466,8.80057191410338
18.6616102683781,13.2923,13.7666587395915,7.72106567448584
18.6359393232205,12.6853,12.9429916827576,7.11315943486831
18.610268378063,11.0211,12.1041376611035,5.44805319525078
18.5845974329055,10.3564,11.2566371770201,4.78244695563324
18.558926487748,8.852,10.4071075590876,3.27714071601571
18.5332555425904,7.7267,9.56219472310053,2.15093447639817
18.5075845974329,8.5812,8.72852448941222,3.00452823678064
18.4819136522754,6.7081,7.91265365849784,1.1305219971631
18.4562427071178,7.2474,7.12102105259652,1.66891575754557
18.4305717619603,5.3053,6.35989874108358,-0.274090482071967
18.4049008168028,5.0521,5.6353436806169,-0.528196721689501
18.3792298716453,3.5801,4.9531500176916,-2.00110296130704
18.3535589264878,4.0851,4.31880232047195,-1.49700920092457
18.3278879813302,2.2607,3.73743002795303,-3.32231544054211
18.3022170361727,3.6988,3.2137634268175,-1.88512168015964
18.2765460910152,2.6598,2.752091488874,-2.92502791977717
18.2508751458576,3.5505,2.35622192369062,-2.03523415939471
18.2252042007001,3.4466,2.02944382091831,-2.14004039901224
18.1995332555426,2.1129,1.77449327375452,-3.47464663862978
18.1738623103851,3.0899,1.59352238795678,-2.49855287824731
18.1481913652275,2.9268,1.48807208873969,-2.66255911786485
18.12252042007,2.6302,1.45904913980671,-2.96006535748238
18.0968494749125,3.684,1.50670778380062,-1.90717159709992
18.071178529755,4.3969,1.63063640084825,-1.19517783671745
18.0455075845974,3.8328,1.82974956101572,-1.76018407633499
18.0198366394399,2.2902,2.10228581693997,-3.30369031595252
17.9941656942824,3.4018,2.44581154440652,-2.19299655557005
17.9684947491249,2.9564,2.85723109115331,-2.63930279518759
17.9428238039673,5.9319,3.3328034378572,0.335290965194876
17.9171528588098,5.6486,3.86816551048508,0.0510847255773417
17.8914819136523,5.2013,4.45836221056558,-0.397121514040193
17.8658109684947,5.1413,5.09788315027601,-0.458027753657727
17.8401400233372,4.8285,5.78070599356363,-0.771733993275262
17.8144690781797,5.0669,6.50034621404391,-0.534240232892796
17.7887981330222,3.684,7.2499129865263,-1.91804647251033
17.7631271878646,6.29,8.0221708332464,0.687047287872134
17.7374562427071,7.5021,8.80960654988815,1.8982410482546
17.7117852975496,7.6966,9.60450084201002,2.09183480863707
17.6861143523921,9.1829,10.3990040113518,3.57722856901953
17.6604434072345,10.4165,11.1852149455205,4.80992232940199
17.634772462077,9.1977,11.95526258555,3.59021608978446
17.6091015169195,10.8247,12.7013889755582,5.21630985016693
17.583430571762,11.0664,13.4160329388571,5.45710361054939
17.5577596266044,12.0187,14.0919133769484,6.40849737093186
17.5320886814469,14.6604,14.7221111532363,9.04929113131432
17.5064177362894,13.6566,15.3001485031985,8.04458489169679
17.4807467911318,15.4991,15.8200649081225,9.88617865207925
17.4550758459743,15.9721,16.2764883810657,10.3582724124617
17.4294049008168,16.4609,16.6647011418412,10.8461661728442
17.4037339556593,17.6401,16.980698702743,12.0244599332266
17.3780630105018,18.2533,17.2212414482274,12.6367536936091
17.3523920653442,19.9304,17.3838978694211,14.3129474539916
17.3267211201867,19.2842,17.4670787073616,13.665841214374
17.3010501750292,21.4133,17.4700613662326,15.7940349747565
17.2753792298716,18.9919,17.393004078201,13.371728735139
17.2497082847141,18.9304,17.2369494331655,13.3093224955214
17.2240373395566,19.1455,17.0038170279592,13.5235162559039
17.1983663943991,17.8394,16.6963851382116,12.2165100162864
17.1726954492415,20.0229,16.3182614699521,14.3991037766688
17.147024504084,16.8743,15.873843204706,11.2495975370513
17.1213535589265,16.6597,15.3682667088144,11.0340912974338
17.095682613769,15.9264,14.8073474324463,10.2998850578162
17.0700116686114,13.8693,14.1975106736808,8.2418788181987
17.0443407234539,13.3686,13.5457140255967,7.74027257858117
17.0186697782964,11.807,12.8593624570471,6.17776633896363
16.9929988331389,10.3416,12.1462170983743,4.7114600993461
16.9673278879813,11.2176,11.4142989095778,5.58655385972856
16.9416569428238,8.4605,10.6717884984081,2.82854762011103
16.9159859976663,8.5359,9.92692342780983,2.90304138049349
16.8903150525088,7.0076,9.18789440464091,1.37383514087596
16.8646441073512,6.5284,8.46274177351584,0.893728901258425
16.8389731621937,5.4994,7.7592537501643,-0.136177338359111
16.8133022170362,5.2309,7.08486781741387,-0.405583577976645
16.7876312718786,4.9477,6.44657667370714,-0.689689817594179
16.7619603267211,5.2457,5.85084006923251,-0.392596057211714
16.7362893815636,4.9176,5.30350378892785,-0.721602296829248
16.7106184364061,4.6492,4.80972694581169,-0.990908536446783
16.6849474912485,4.2782,4.37391863365463,-1.36281477606432
16.659276546091,6.0062,3.99968485659419,0.364278984318148
16.6336056009335,4.189,3.68978650688602,-1.45382725529939
16.607934655776,4.4861,3.44610900280437,-1.15763349491692
16.5822637106184,3.6545,3.2696440292143,-1.99013973453446
16.5565927654609,4.293,3.16048364618216,-1.35254597415199
16.5309218203034,3.1495,3.11782684895864,-2.49695221376953
16.5052508751459,3.9811,3.1399984786425,-1.66625845338706
16.4795799299883,3.7136,3.22448019974194,-1.93466469300459
16.4539089848308,2.5859,3.3679530816217,-3.06327093262213
16.4282380396733,3.5949,3.56635114832632,-2.05517717223966
16.4025670945157,4.9176,3.81492509827495,-0.733383411857198
16.3768961493582,3.2978,4.10831524444713,-2.35408965147473
16.3512252042007,4.56,4.44063258934557,-1.09279589109227
16.3255542590432,3.4318,4.80554682941874,-2.2219021307098
16.2998833138857,6.2451,5.19637998266375,0.590491629672663
16.2742123687281,6.1259,5.60620425241678,0.470385390055129
16.2485414235706,6.948,6.02794268114567,1.2915791504376
16.2228704784131,6.6781,6.45447111130612,1.02077291082006
16.1971995332555,5.6338,6.87871995655732,-0.0244333287974747
16.171528588098,7.2474,7.29377429602458,1.58826043158499
16.1458576429405,8.7614,7.69297083663598,3.10135419196746
16.120186697783,9.5139,8.06999034326021,3.85294795234992
16.0945157526254,8.8367,8.41894421248329,3.17484171273239
16.0688448074679,8.8968,8.7344539620848,3.23403547311485
16.0431738623104,8.9874,9.01172252298693,3.32372923349732
16.0175029171529,9.2583,9.24659635173498,3.59372299387978
15.9918319719953,10.3111,9.43561752724663,4.64561675426225
15.9661610268378,9.7246,9.57606515323718,4.05821051464471
15.9404900816803,9.7547,9.66598555480368,4.08740427502718
15.9148191365228,8.6713,9.70421093141161,3.00309803540965
15.8891481913652,8.6112,9.6903663061599,2.94209179579211
15.8634772462077,9.0923,9.62486478984838,3.42228555617458
15.8378063010502,9.3031,9.50889135518501,3.63217931655704
15.8121353558927,10.9758,9.34437548865164,5.30397307693951
15.7864644107351,8.8668,9.13395325239635,3.19406683732197
15.7607934655776,8.7013,8.88091944348432,3.02766059770444
15.7351225204201,8.1611,8.58917068054561,2.4865543580869
15.7094515752625,7.7119,8.2631403761608,2.03644811846937
15.683780630105,8.5511,7.90772666533273,2.87474187885183
15.6581096849475,6.9027,7.5282144544981,1.2254356392343
15.63243873979,4.8432,7.13019283044055,-0.834970600383235
15.6067677946324,6.0215,6.71946912320714,0.34242315999923
15.5810968494749,5.6486,6.30198095107293,-0.0313830796183048
15.5554259043174,4.456,5.88370758846072,-1.22488931923584
15.5297549591599,4.4861,5.47058198956727,-1.19569555885337
15.5040840140023,3.4909,5.06840477167899,-2.19180179847091
15.4784130688448,5.9619,4.68276141351271,0.278291961911557
15.4527421236873,4.3077,4.31894385643985,-1.37681427770598
15.4270711785298,4.9477,3.98187761148451,-0.737720517323512
15.4014002333722,4.5156,3.67605537413339,-1.17072675694105
15.3757292882147,3.1052,3.40547803409856,-2.58203299655858
15.3500583430572,2.7933,3.17360384027369,-2.89483923617612
15.3243873978997,3.2239,2.98330634442657,-2.46514547579365
15.2987164527421,4.4413,2.83684160300423,-1.24865171541119
15.2730455075846,2.2755,2.73582496720736,-3.41535795502872
15.2473745624271,3.0456,2.68121763967337,-2.64616419464625
15.2217036172695,4.5156,2.6733230241513,-1.17707043426379
15.196032672112,4.8285,2.71179274487451,-0.865076673881323
15.1703617269545,5.6038,2.79564206727844,-0.090682913498858
15.144690781797,4.4265,2.92327431349321,-1.26888915311639
15.1190198366394,3.7289,3.0925137367362,-1.96739539273393
15.0933488914819,3.5653,3.30064620022661,-2.13190163235146
15.0676779463244,4.59,3.54446690022088,-1.108107871969
15.0420070011669,3.9363,3.82033428066727,-1.76271411158653
15.0163360560093,3.0012,4.12422920999065,-2.69872035120407
14.9906651108518,3.4909,4.4518184295645,-2.2099265908216
14.9649941656943,3.9959,4.79852123914896,-1.70583283043913
14.9393232205367,3.5357,5.1595783573301,-2.16693907005667
14.9136522753792,4.7388,5.53012188486143,-0.964745309674203
14.8879813302217,5.4846,5.90524530557972,-0.219851549291738
14.8623103850642,6.2747,6.28007248276986,0.569342211090728
14.8366394399066,6.1855,6.6498246477576,0.479235971473194
14.8109684947491,4.9925,7.00988443114641,-0.714670268144342
14.7852975495916,7.6666,7.35585605429966,1.95852349223812
14.7596266044341,5.9023,7.68362087802304,0.19331725262059
14.7339556592765,6.2747,7.98938759538246,0.564811013003054
14.708284714119,6.454,8.26973645451706,0.74320477338552
14.6826137689615,7.472,8.52165700339264,1.76029853376799
14.656942823804,7.472,8.74257895982749,1.75939229415045
14.6312718786464,8.0562,8.93039592491166,2.34268605453292
14.6056009334889,9.2883,9.08348177422424,3.57387981491538
14.5799299883314,9.8147,9.20069967714591,4.09937357529785
14.5542590431739,10.0856,9.28140380823609,4.36936733568031
14.5285880980163,10.3717,9.32543392434586,4.65456109606278
14.5029171528588,9.9201,9.33310308523131,4.20205485644524
14.4772462077013,11.354,9.30517889241112,5.63504861682771
14.4515752625438,11.7617,9.24285870952665,6.04184237721017
14.4259043173862,10.8852,9.14773940633475,5.16443613759264
14.4002333722287,10.2811,9.02178223670294,4.55942989797511
14.3745624270712,9.604,8.86727351779334,3.88142365835757
14.3488914819137,9.7094,8.68678182243116,3.98591741874004
14.3232205367561,8.8067,8.48311242908168,3.0823111791225
14.2975495915986,8.3709,8.2592597937447,2.64560493950497
14.2718786464411,8.5959,8.01835881546102,2.86969869988743
14.2462077012836,7.6218,7.76363566225781,1.8946924602699
14.220536756126,8.1911,7.49835890767523,2.46308622065236
14.1948658109685,8.2059,7.22579170013022,2.47697998103483
14.169194865811,8.0562,6.94914564906286,2.32637374141729
14.1435239206534,5.753,6.67153706399946,0.0222675017997593
14.1178529754959,5.425,6.39594612640324,-0.306638737817775
14.0921820303384,5.3205,6.12517951062202,-0.412044977435309
14.0665110851809,4.0998,5.86183690061922,-1.63365121705284
14.0408401400233,3.1643,5.60828177478476,-2.57005745667038
14.0151691948658,3.2091,5.36661675330022,-2.52616369628791
13.9894982497083,3.4614,5.13866372262236,-2.27476993590545
13.9638273045508,4.6048,4.9259488709889,-1.13227617552298
13.9381563593932,4.8728,4.72969268874667,-0.865182415140517
13.9124854142357,2.645,4.55080490900978,-3.09388865475805
13.8868144690782,4.9176,4.38988428885965,-0.822194894375587
13.8611435239206,4.9772,4.24722306009836,-0.763501133993121
13.8354725787631,3.7584,4.12281581245658,-1.98320737361066
13.8098016336056,3.0751,4.01637251201836,-2.66741361322819
13.7841306884481,4.9329,3.9273353042119,-0.810519852845724
13.7584597432905,3.8028,3.85489870464874,-1.94152609246326
13.732788798133,3.1939,3.79803274285455,-2.55133233208079
13.7071178529755,4.2782,3.75550859386176,-1.46793857169833
13.681446907818,4.2186,3.72592621092229,-1.52844481131586
13.6557759626604,5.3205,3.7077434593017,-0.427451050933398
13.6301050175029,4.3821,3.69930624615041,-1.36675729055093
13.6044340723454,4.8728,3.6988791445975,-0.876963530168467
13.5787631271879,5.4097,3.70467602114111,-0.340969769786001
13.5530921820303,5.6634,3.71489019366415,-0.0881760094035355
13.5274212368728,3.3426,3.72772367243191,-2.40988224902107
13.5017502917153,5.0521,3.7414150675884,-0.701288488638604
13.4760793465578,4.1742,3.75426578324075,-1.58009472825614
13.4504084014002,3.2682,3.76466415942969,-2.48700096787367
13.4247374562427,1.8024,3.77110726830285,-3.95370720749121
13.3990665110852,2.645,3.77222011878063,-3.11201344710874
13.3733955659276,4.0998,3.76677207406167,-1.65811968672628
13.3477246207701,4.2481,3.75369033758115,-1.51072592634381
13.3220536756126,3.8624,3.73207041465348,-1.89733216596135
13.2963827304551,3.7584,3.70118350816485,-2.00223840557888
13.2707117852976,4.0851,3.66048085653923,-1.67644464519642
13.24504084014,3.9363,3.60959507003669,-1.82615088481395
13.2193698949825,2.1129,3.54833856657353,-3.65045712443148
13.193698949825,3.2091,3.47669925006353,-2.55516336404902
13.1680280046674,3.5357,3.39483361223088,-2.22946960366655
13.1423570595099,4.0555,3.3030574724808,-1.71057584328409
13.1166861143524,1.5807,3.2018345993635,-4.18628208290162
13.0910151691949,2.0094,3.09176348114889,-3.75848832251916
13.0653442240373,2.2163,2.97356253185188,-3.55249456213669
13.0396732788798,2.6155,2.84805403260731,-3.15420080175423
13.0140023337223,1.5807,2.71614711657573,-4.18990704137176
12.9883313885648,2.305,2.57882010863405,-3.4665132809893
12.9626604434072,2.3642,2.43710252911756,-3.40821952060683
12.9369894982497,1.4033,2.29205706405508,-4.37002576022437
12.9113185530922,3.7136,2.14476179296728,-2.0606319998419
12.8856476079347,1.8468,1.9962929497306,-3.92833823945943
12.8599766627771,1.6842,1.84770847264955,-4.09184447907697
12.8343057176196,2.3346,1.70003257717612,-3.4423507186945
12.8086347724621,2.4824,1.55424155914869,-3.29545695831204
12.7829638273046,0.4735,1.41125100850509,-5.30526319792957
12.757292882147,1.9207,1.27190458368002,-3.85896943754711
12.7316219369895,2.4676,1.136964465862,-3.31297567716464
12.705950991832,1.2555,1.00710358049472,-4.52598191678218
12.6802800466745,1.2407,0.882899641386426,-4.54168815639971
12.6546091015169,1.5068,0.764831041051521,-4.27649439601725
12.6289381563594,1.1668,0.653274579936082,-4.61740063563478
12.6032672112019,1.2112,0.548504997430491,-4.57390687525232
12.5775962660443,0.031948,0.450696239470396,-5.75406511486985
12.5519253208868,2.1424,0.35992437145054,-3.64451935448738
